2020-8,Value
palmOil,False
controversialWeapons,False
gambling,False
socialScore,9.37
nuclear,False
furLeather,False
alcoholic,False
gmo,False
catholic,False
socialPercentile,
peerCount,102
governanceScore,5.07
environmentPercentile,
animalTesting,False
tobacco,False
totalEsg,14.91
highestControversy,3
esgPerformance,UNDER_PERF
coal,False
pesticides,False
adult,False
percentile,6.98
peerGroup,Software & Services
smallArms,False
environmentScore,0.47
governancePercentile,
militaryContract,False
